{"model":{"type":"minecraft:select","cases":[{"model":{"type":"minecraft:model","model":"trimmable_tools:item/diamond_shovel_quartz_eye"},"when":"minecraft:quartz"},{"model":{"type":"minecraft:model","model":"trimmable_tools:item/diamond_shovel_iron_eye"},"when":"minecraft:iron"},{"model":{"type":"minecraft:model","model":"trimmable_tools:item/diamond_shovel_netherite_eye"},"when":"minecraft:netherite"},{"model":{"type":"minecraft:model","model":"trimmable_tools:item/diamond_shovel_redstone_eye"},"when":"minecraft:redstone"},{"model":{"type":"minecraft:model","model":"trimmable_tools:item/diamond_shovel_copper_eye"},"when":"minecraft:copper"},{"model":{"type":"minecraft:model","model":"trimmable_tools:item/diamond_shovel_gold_eye"},"when":"minecraft:gold"},{"model":{"type":"minecraft:model","model":"trimmable_tools:item/diamond_shovel_emerald_eye"},"when":"minecraft:emerald"},{"model":{"type":"minecraft:model","model":"trimmable_tools:item/diamond_shovel_diamond_eye"},"when":"minecraft:diamond"},{"model":{"type":"minecraft:model","model":"trimmable_tools:item/diamond_shovel_lapis_eye"},"when":"minecraft:lapis"},{"model":{"type":"minecraft:model","model":"trimmable_tools:item/diamond_shovel_amethyst_eye"},"when":"minecraft:amethyst"},{"model":{"type":"minecraft:model","model":"trimmable_tools:item/diamond_shovel_resin_eye"},"when":"minecraft:resin"}],"fallback":{"type":"minecraft:model","model":"minecraft:item/diamond_shovel"},"property":"minecraft:trim_material"}}