{"model":{"type":"minecraft:select","cases":[{"model":{"type":"minecraft:model","model":"trimmable_tools:item/golden_axe_quartz_wayfinder"},"when":"minecraft:quartz"},{"model":{"type":"minecraft:model","model":"trimmable_tools:item/golden_axe_iron_wayfinder"},"when":"minecraft:iron"},{"model":{"type":"minecraft:model","model":"trimmable_tools:item/golden_axe_netherite_wayfinder"},"when":"minecraft:netherite"},{"model":{"type":"minecraft:model","model":"trimmable_tools:item/golden_axe_redstone_wayfinder"},"when":"minecraft:redstone"},{"model":{"type":"minecraft:model","model":"trimmable_tools:item/golden_axe_copper_wayfinder"},"when":"minecraft:copper"},{"model":{"type":"minecraft:model","model":"trimmable_tools:item/golden_axe_gold_wayfinder"},"when":"minecraft:gold"},{"model":{"type":"minecraft:model","model":"trimmable_tools:item/golden_axe_emerald_wayfinder"},"when":"minecraft:emerald"},{"model":{"type":"minecraft:model","model":"trimmable_tools:item/golden_axe_diamond_wayfinder"},"when":"minecraft:diamond"},{"model":{"type":"minecraft:model","model":"trimmable_tools:item/golden_axe_lapis_wayfinder"},"when":"minecraft:lapis"},{"model":{"type":"minecraft:model","model":"trimmable_tools:item/golden_axe_amethyst_wayfinder"},"when":"minecraft:amethyst"},{"model":{"type":"minecraft:model","model":"trimmable_tools:item/golden_axe_resin_wayfinder"},"when":"minecraft:resin"}],"fallback":{"type":"minecraft:model","model":"minecraft:item/golden_axe"},"property":"minecraft:trim_material"}}