{"model":{"type":"minecraft:select","cases":[{"model":{"type":"minecraft:model","model":"trimmable_tools:item/netherite_shovel_quartz_bolt"},"when":"minecraft:quartz"},{"model":{"type":"minecraft:model","model":"trimmable_tools:item/netherite_shovel_iron_bolt"},"when":"minecraft:iron"},{"model":{"type":"minecraft:model","model":"trimmable_tools:item/netherite_shovel_netherite_bolt"},"when":"minecraft:netherite"},{"model":{"type":"minecraft:model","model":"trimmable_tools:item/netherite_shovel_redstone_bolt"},"when":"minecraft:redstone"},{"model":{"type":"minecraft:model","model":"trimmable_tools:item/netherite_shovel_copper_bolt"},"when":"minecraft:copper"},{"model":{"type":"minecraft:model","model":"trimmable_tools:item/netherite_shovel_gold_bolt"},"when":"minecraft:gold"},{"model":{"type":"minecraft:model","model":"trimmable_tools:item/netherite_shovel_emerald_bolt"},"when":"minecraft:emerald"},{"model":{"type":"minecraft:model","model":"trimmable_tools:item/netherite_shovel_diamond_bolt"},"when":"minecraft:diamond"},{"model":{"type":"minecraft:model","model":"trimmable_tools:item/netherite_shovel_lapis_bolt"},"when":"minecraft:lapis"},{"model":{"type":"minecraft:model","model":"trimmable_tools:item/netherite_shovel_amethyst_bolt"},"when":"minecraft:amethyst"},{"model":{"type":"minecraft:model","model":"trimmable_tools:item/netherite_shovel_resin_bolt"},"when":"minecraft:resin"}],"fallback":{"type":"minecraft:model","model":"minecraft:item/netherite_shovel"},"property":"minecraft:trim_material"}}