{"model":{"type":"minecraft:select","cases":[{"model":{"type":"minecraft:model","model":"trimmable_tools:item/wooden_pickaxe_quartz_bolt"},"when":"minecraft:quartz"},{"model":{"type":"minecraft:model","model":"trimmable_tools:item/wooden_pickaxe_iron_bolt"},"when":"minecraft:iron"},{"model":{"type":"minecraft:model","model":"trimmable_tools:item/wooden_pickaxe_netherite_bolt"},"when":"minecraft:netherite"},{"model":{"type":"minecraft:model","model":"trimmable_tools:item/wooden_pickaxe_redstone_bolt"},"when":"minecraft:redstone"},{"model":{"type":"minecraft:model","model":"trimmable_tools:item/wooden_pickaxe_copper_bolt"},"when":"minecraft:copper"},{"model":{"type":"minecraft:model","model":"trimmable_tools:item/wooden_pickaxe_gold_bolt"},"when":"minecraft:gold"},{"model":{"type":"minecraft:model","model":"trimmable_tools:item/wooden_pickaxe_emerald_bolt"},"when":"minecraft:emerald"},{"model":{"type":"minecraft:model","model":"trimmable_tools:item/wooden_pickaxe_diamond_bolt"},"when":"minecraft:diamond"},{"model":{"type":"minecraft:model","model":"trimmable_tools:item/wooden_pickaxe_lapis_bolt"},"when":"minecraft:lapis"},{"model":{"type":"minecraft:model","model":"trimmable_tools:item/wooden_pickaxe_amethyst_bolt"},"when":"minecraft:amethyst"},{"model":{"type":"minecraft:model","model":"trimmable_tools:item/wooden_pickaxe_resin_bolt"},"when":"minecraft:resin"}],"fallback":{"type":"minecraft:model","model":"minecraft:item/wooden_pickaxe"},"property":"minecraft:trim_material"}}