{"model":{"type":"minecraft:select","cases":[{"model":{"type":"minecraft:model","model":"trimmable_tools:item/wooden_hoe_quartz_sentry"},"when":"minecraft:quartz"},{"model":{"type":"minecraft:model","model":"trimmable_tools:item/wooden_hoe_iron_sentry"},"when":"minecraft:iron"},{"model":{"type":"minecraft:model","model":"trimmable_tools:item/wooden_hoe_netherite_sentry"},"when":"minecraft:netherite"},{"model":{"type":"minecraft:model","model":"trimmable_tools:item/wooden_hoe_redstone_sentry"},"when":"minecraft:redstone"},{"model":{"type":"minecraft:model","model":"trimmable_tools:item/wooden_hoe_copper_sentry"},"when":"minecraft:copper"},{"model":{"type":"minecraft:model","model":"trimmable_tools:item/wooden_hoe_gold_sentry"},"when":"minecraft:gold"},{"model":{"type":"minecraft:model","model":"trimmable_tools:item/wooden_hoe_emerald_sentry"},"when":"minecraft:emerald"},{"model":{"type":"minecraft:model","model":"trimmable_tools:item/wooden_hoe_diamond_sentry"},"when":"minecraft:diamond"},{"model":{"type":"minecraft:model","model":"trimmable_tools:item/wooden_hoe_lapis_sentry"},"when":"minecraft:lapis"},{"model":{"type":"minecraft:model","model":"trimmable_tools:item/wooden_hoe_amethyst_sentry"},"when":"minecraft:amethyst"},{"model":{"type":"minecraft:model","model":"trimmable_tools:item/wooden_hoe_resin_sentry"},"when":"minecraft:resin"}],"fallback":{"type":"minecraft:model","model":"minecraft:item/wooden_hoe"},"property":"minecraft:trim_material"}}