{
  "music.music_disc_lo_phi_cultured_tavern": {
    "sounds": [
      "m4sub_pack:music/music_disc_lo_phi_cultured_tavern"
    ]
  },
  "music.music_disc_lo_phi_roots": {
    "sounds": [
      "m4sub_pack:music/music_disc_lo_phi_roots"
    ]
  },
  "music.music_disc_lo_phi_tuning_cylinder_the_seraphs": {
    "sounds": [
      "m4sub_pack:music/music_disc_lo_phi_tuning_cylinder_the_seraphs"
    ]
  },
  "music.music_disc_lo_phi_vintage_story": {
    "sounds": [
      "m4sub_pack:music/music_disc_lo_phi_vintage_story"
    ]
  }
}
